,,,,,,,,,,,,,,,,,
,,,,,,,,,,,,,,,,,
,1,Unlocked Strongbox,,Good,,,,,,,,,,,,,
,,ID STRING,,RESULT TYPES,WEIGHT,% CHANCE,RESULT 1,R1 WEIGHT,R1 %,RESULT 2,R2 WEIGHT,R2 %,RESULT 3,R3 WEIGHT,R3 %,STRING,NOTES
,,unlocked_strongbox,,Nothing,,,N/A,N/A,N/A,N/A,N/A,N/A,N/A,N/A,N/A,The strongbox is empty.,
,,REGION FOUND,,Loot,3,75.00%,A,2,<- # Draws,,,<- # Draws,,,<- # Draws,The strongbox contains valuable treasures.,
,,ALL,,Quirk,,,,,,,,,,,,,
,,FULL CURIO?,,Effect,1,25.00%,Blight 1,1,100.00%,,,,,,,The strongbox is a trap!,
,,Yes,,Purge,,,,,,,,,,,,,
,,TAGS,,Scouting,,,,,,,,,,,,,
,,Treasure,All,Teleport,,,,,,,,,,,,,
,,,,Disease,,,,,,,,,,,,,
,,Item Interactions,,ITEM,RESULT TYPE,,RESULT 1,R1 WEIGHT,R1 %,RESULT 2,R2 WEIGHT,R2 %,RESULT 3,R3 WEIGHT,R3 %,STRING,NOTES
,,,,,,,,,,,,,,,,,
,,,,,,,,,,,,,,,,,
,,,,,,,,,,,,,,,,,
,,,,,,,,,,,,,,,,,
,2,Locked Strongbox,,Mixed,,,,,,,,,,,,,
,,ID STRING,,RESULT TYPES,WEIGHT,% CHANCE,RESULT 1,R1 WEIGHT,R1 %,RESULT 2,R2 WEIGHT,R2 %,RESULT 3,R3 WEIGHT,R3 %,STRING,NOTES
,,locked_strongbox,,Nothing,,,N/A,N/A,N/A,N/A,N/A,N/A,N/A,N/A,N/A,,
,,REGION FOUND,,Loot,1,50.00%,A,2,<- # Draws,,,<- # Draws,,,<- # Draws,,
,,ALL,,Quirk,,,,,,,,,,,,,
,,FULL CURIO?,,Effect,1,50.00%,Blight 1,1,50.00%,Bleed 1,1,50.00%,,,,,
,,Yes,,Purge,,,,,,,,,,,,,
,,TAGS,,Scouting,,,,,,,,,,,,,
,,Treasure,All,Teleport,,,,,,,,,,,,,
,,,,Disease,,,,,,,,,,,,,
,,Item Interactions,,ITEM,RESULT TYPE,,RESULT 1,R1 WEIGHT,R1 %,RESULT 2,R2 WEIGHT,R2 %,RESULT 3,R3 WEIGHT,R3 %,STRING,NOTES
,,,,skeleton_key,Loot,,A,3,<- # Draws,,,<- # Draws,,,,The Skeleton Key unlocks the strongbox to reveal its contents.,
,,,,shovel,Loot,,Nothing,1,50.00%,A,2,<- # Draws,,,,"The Shovel smashes the strongbox, risking the integrity of its contents.",
,,,,,,,,,,,,,,,,,
,,,,,,,,,,,,,,,,,
,3,Goal Strongbox,,Good,,,,,,,,,,,,,
,,ID STRING,,RESULT TYPES,WEIGHT,% CHANCE,RESULT 1,R1 WEIGHT,R1 %,RESULT 2,R2 WEIGHT,R2 %,RESULT 3,R3 WEIGHT,R3 %,STRING,NOTES
,,goal_strongbox,,Nothing,,,N/A,N/A,N/A,N/A,N/A,N/A,N/A,N/A,N/A,,
,,REGION FOUND,,Loot,1,100.00%,B,3,<- # Draws,T,1,<- # Draws,,,<- # Draws,Found the sought after treasure!,
,,ALL,,Quirk,,,,,,,,,,,,,
,,FULL CURIO?,,Effect,,,,,,,,,,,,,
,,Yes,,Purge,,,,,,,,,,,,,
,,TAGS,,Scouting,,,,,,,,,,,,,
,,Treasure,Goal,Teleport,,,,,,,,,,,,,
,,All,,Disease,,,,,,,,,,,,,
,,Item Interactions,,ITEM,RESULT TYPE,,RESULT 1,R1 WEIGHT,R1 %,RESULT 2,R2 WEIGHT,R2 %,RESULT 3,R3 WEIGHT,R3 %,STRING,NOTES
,,,,,,,,,,,,,,,,,
,,,,,,,,,,,,,,,,,
,,,,,,,,,,,,,,,,,
,,,,,,,,,,,,,,,,,
,4,Heirloom Chest,,Mixed,,,,,,,,,,,,,
,,ID STRING,,RESULT TYPES,WEIGHT,% CHANCE,RESULT 1,R1 WEIGHT,R1 %,RESULT 2,R2 WEIGHT,R2 %,RESULT 3,R3 WEIGHT,R3 %,STRING,NOTES
,,heirloom_chest,,Nothing,,,N/A,N/A,N/A,N/A,N/A,N/A,N/A,N/A,N/A,The chest has already been rummaged.,
,,REGION FOUND,,Loot,3,75.00%,H,2,<- # Draws,,,<- # Draws,,,<- # Draws,The chest contains valuable treasures.,
,,ALL,,Quirk,,,,,,,,,,,,,
,,FULL CURIO?,,Effect,1,25.00%,Blight 1,1,50.00%,Bleed 1,1,50.00%,,,,,
,,Yes,,Purge,,,,,,,,,,,,,
,,TAGS,,Scouting,,,,,,,,,,,,,
,,Treasure,All,Teleport,,,,,,,,,,,,,
,,,,Disease,,,,,,,,,,,,,
,,Item Interactions,,ITEM,RESULT TYPE,,RESULT 1,R1 WEIGHT,R1 %,RESULT 2,R2 WEIGHT,R2 %,RESULT 3,R3 WEIGHT,R3 %,STRING,NOTES
,,,,skeleton_key,Loot,,H,3,<- # Draws,,,,,,,,
,,,,antivenom,Loot,,H,3,<- # Draws,,,,,,,,
,,,,,,,,,,,,,,,,,
,,,,,,,,,,,,,,,,,
,5,Eldritch Altar,,Mixed,,,,,,,,,,,,,
,,ID STRING,,RESULT TYPES,WEIGHT,% CHANCE,RESULT 1,R1 WEIGHT,R1 %,RESULT 2,R2 WEIGHT,R2 %,RESULT 3,R3 WEIGHT,R3 %,STRING,NOTES
,,eldritch_altar,,Nothing,5,50.00%,N/A,N/A,N/A,N/A,N/A,N/A,N/A,N/A,N/A,,
,,REGION FOUND,,Loot,,,,,<- # Draws,,,<- # Draws,,,<- # Draws,,
,,ALL,,Quirk,,,,,,,,,,,,,
,,FULL CURIO?,,Effect,4,40.00%,Stress 3,1,100.00%,,,,,,,,
,,Yes,,Purge,1,10.00%,negative,1,100.00%,,,,,,,,
,,TAGS,,Scouting,,,,,,,,,,,,,
,,Haunted,Unholy,Teleport,,,,,,,,,,,,,
,,All,,Disease,,,,,,,,,,,,,
,,Item Interactions,,ITEM,RESULT TYPE,,RESULT 1,R1 WEIGHT,R1 %,RESULT 2,R2 WEIGHT,R2 %,RESULT 3,R3 WEIGHT,R3 %,STRING,NOTES
,,,,holy_water,Purge,,negative,1,100.00%,,,,,,,,
,,,,,,,,,,,,,,,,,
,,,,,,,,,,,,,,,,,
,,,,,,,,,,,,,,,,,
,6,Altar of Light,,Good,,,,,,,,,,,,,
,,ID STRING,,RESULT TYPES,WEIGHT,% CHANCE,RESULT 1,R1 WEIGHT,R1 %,RESULT 2,R2 WEIGHT,R2 %,RESULT 3,R3 WEIGHT,R3 %,STRING,NOTES
,,altar_of_light,,Nothing,,,N/A,N/A,N/A,N/A,N/A,N/A,N/A,N/A,N/A,,
,,REGION FOUND,,Loot,,,,,<- # Draws,,,<- # Draws,,,<- # Draws,,
,,Ruins,,Quirk,,,,,,,,,,,,,
,,FULL CURIO?,,Effect,1,100.00%,Curio Damage Buff,1,100.00%,,,,,,,The altar invigorates the hero.,
,,Yes,,Purge,,,,,,,,,,,,,
,,TAGS,,Scouting,,,,,,,,,,,,,
,,Worship,,Teleport,,,,,,,,,,,,,
,,,,Disease,,,,,,,,,,,,,
,,Item Interactions,,ITEM,RESULT TYPE,,RESULT 1,R1 WEIGHT,R1 %,RESULT 2,R2 WEIGHT,R2 %,RESULT 3,R3 WEIGHT,R3 %,STRING,NOTES
,,,,holy_water,Effect,,Curio Damage BuffStrong,1,100.00%,,,,,,,You have curried favor from the gods!,
,,,,,,,,,,,,,,,,,
,,,,,,,,,,,,,,,,,
,,,,,,,,,,,,,,,,,
,7,Stack of Books,,Mixed,,,,,,,,,,,,,
,,ID STRING,,RESULT TYPES,WEIGHT,% CHANCE,RESULT 1,R1 WEIGHT,R1 %,RESULT 2,R2 WEIGHT,R2 %,RESULT 3,R3 WEIGHT,R3 %,STRING,NOTES
,,stack_of_books,,Nothing,2,18.18%,N/A,N/A,N/A,N/A,N/A,N/A,N/A,N/A,N/A,The volumes are dull and uninteresting.,
,,REGION FOUND,,Loot,1,9.09%,JOURNALONLY,1,<- # Draws,,,<- # Draws,,,<- # Draws,,
,,ALL,,Quirk,4,36.36%,positive,2,66.67%,negative,1,33.33%,,,,The text has a lasting impact on the hero.,
,,FULL CURIO?,,Effect,4,36.36%,Stress 3,2,66.67%,Darkness 3,1,33.33%,,,,The text is dark and unsettling.,
,,Yes,,Purge,,,,,,,,,,,,,
,,TAGS,,Scouting,,,,,,,,,,,,,
,,Knowledge,All,Teleport,,,,,,,,,,,,,
,,,,Disease,,,,,,,,,,,,,
,,Item Interactions,,ITEM,RESULT TYPE,,RESULT 1,R1 WEIGHT,R1 %,RESULT 2,R2 WEIGHT,R2 %,RESULT 3,R3 WEIGHT,R3 %,STRING,NOTES
,,,,torch,Effect,,Stress 5,1,100.00%,,,,,,,The hero has destroyed knowledge and now must bear the guilt!,
,,,,,,,,,,,,,,,,,
,,,,,,,,,,,,,,,,,
,,,,,,,,,,,,,,,,,
,8,Iron Maiden,,Mixed,,,,,,,,,,,,,
,,ID STRING,,RESULT TYPES,WEIGHT,% CHANCE,RESULT 1,R1 WEIGHT,R1 %,RESULT 2,R2 WEIGHT,R2 %,RESULT 3,R3 WEIGHT,R3 %,STRING,NOTES
,,iron_maiden,,Nothing,1,20.00%,N/A,N/A,N/A,N/A,N/A,N/A,N/A,N/A,N/A,Nothing but a foul odour...,
,,REGION FOUND,,Loot,2,40.00%,A,2,<- # Draws,,,<- # Draws,,,<- # Draws,A few treasures are hidden in the iron maiden.,
,,Ruins,,Quirk,1,20.00%,claustrophobia,1,100.00%,,,,,,,The iron maiden causes great harm to the hero.,
,,FULL CURIO?,,Effect,,,,,,,,,,,,,
,,Yes,,Purge,,,,,,,,,,,,,
,,TAGS,,Scouting,,,,,,,,,,,,,
,,Torture,Haunted,Teleport,,,,,,,,,,,,,
,,All,,Disease,1,20.00%,tetanus,2,66.67%,random,1,33.33%,,,,,
,,Item Interactions,,ITEM,RESULT TYPE,,RESULT 1,R1 WEIGHT,R1 %,RESULT 2,R2 WEIGHT,R2 %,RESULT 3,R3 WEIGHT,R3 %,STRING,NOTES
,,,,medicinal_herbs,Loot,,A,2,<- # Draws,,,<- # Draws,,,<- # Draws,CHECK DATA,
,,,,,,,,,,,,,,,,,
,,,,,,,,,,,,,,,,,
,,,,,,,,,,,,,,,,,
,9,Pile of Bones,,Mixed,,,,,,,,,,,,,
,,ID STRING,,RESULT TYPES,WEIGHT,% CHANCE,RESULT 1,R1 WEIGHT,R1 %,RESULT 2,R2 WEIGHT,R2 %,RESULT 3,R3 WEIGHT,R3 %,STRING,NOTES
,,pile_of_bones,,Nothing,1,25.00%,N/A,N/A,N/A,N/A,N/A,N/A,N/A,N/A,N/A,Nothing is found amongst the remains.,
,,REGION FOUND,,Loot,1,25.00%,A,2,<- # Draws,,,<- # Draws,,,<- # Draws,The bones house some supplies.,
,,Warrens,,Quirk,1,25.00%,bloodthirsty,1,100.00%,,,,,,,The sight of the bones is unsettling to the hero.,
,,FULL CURIO?,,Effect,,,,,,,,,,,,,
,,Yes,,Purge,,,,,,,,,,,,,
,,TAGS,,Scouting,,,,,,,,,,,,,
,,Haunted,Unholy,Teleport,,,,,,,,,,,,,
,,All,Body,Disease,1,25.00%,random,1,100.00%,,,,,,,,
,,Item Interactions,,ITEM,RESULT TYPE,,RESULT 1,R1 WEIGHT,R1 %,RESULT 2,R2 WEIGHT,R2 %,RESULT 3,R3 WEIGHT,R3 %,STRING,NOTES
,,,,holy_water,Loot,,A,2,<- # Draws,,,<- # Draws,,,<- # Draws,The Holy Water cleans the bones and uncovers hidden tresures.,
,,,,,,,,,,,,,,,,,
,,,,,,,,,,,,,,,,,
,,,,,,,,,,,,,,,,,
,10,Discarded Pack,,Good,,,,,,,,,,,,,
,,ID STRING,,RESULT TYPES,WEIGHT,% CHANCE,RESULT 1,R1 WEIGHT,R1 %,RESULT 2,R2 WEIGHT,R2 %,RESULT 3,R3 WEIGHT,R3 %,STRING,NOTES
,,discarded_pack,,Nothing,1,20.00%,N/A,N/A,N/A,N/A,N/A,N/A,N/A,N/A,N/A,The pack has already been rummaged.,
,,REGION FOUND,,Loot,3,60.00%,S,1,<- # Draws,B,2,<- # Draws,,,<- # Draws,The pack contains valuable supplies.,
,,ALL,,Quirk,,,,,,,,,,,,,
,,FULL CURIO?,,Effect,,,,,,,,,,,,,
,,No,,Purge,,,,,,,,,,,,,
,,TAGS,,Scouting,1,20.00%,2 - all,3,50.00%,3 - all,2,33.33%,0 - all,1,16.67%,,
,,Scrounging,All,Teleport,,,,,,,,,,,,,
,,Treasure,,Disease,,,,,,,,,,,,,
,,Item Interactions,,ITEM,RESULT TYPE,,RESULT 1,R1 WEIGHT,R1 %,RESULT 2,R2 WEIGHT,R2 %,RESULT 3,R3 WEIGHT,R3 %,STRING,NOTES
,,,,,,,,,,,,,,,,,
,,,,,,,,,,,,,,,,,
,,,,,,,,,,,,,,,,,
,,,,,,,,,,,,,,,,,
,11,Sconce,,Good,,,,,,,,,,,,,
,,ID STRING,,RESULT TYPES,WEIGHT,% CHANCE,RESULT 1,R1 WEIGHT,R1 %,RESULT 2,R2 WEIGHT,R2 %,RESULT 3,R3 WEIGHT,R3 %,STRING,NOTES
,,sconce,,Nothing,,,N/A,N/A,N/A,N/A,N/A,N/A,N/A,N/A,N/A,,
,,REGION FOUND,,Loot,1,100.00%,TORCHONLY,1,<- # Draws,,,<- # Draws,,,<- # Draws,An unburned torch is found.,
,,ALL,,Quirk,,,,,,,,,,,,,
,,FULL CURIO?,,Effect,,,,,,,,,,,,,
,,No,,Purge,,,,,,,,,,,,,
,,TAGS,,Scouting,,,,,,,,,,,,,
,,Scrounging,All,Teleport,,,,,,,,,,,,,
,,,,Disease,,,,,,,,,,,,,
,,Item Interactions,,ITEM,RESULT TYPE,,RESULT 1,R1 WEIGHT,R1 %,RESULT 2,R2 WEIGHT,R2 %,RESULT 3,R3 WEIGHT,R3 %,STRING,NOTES
,,,,,,,,,,,,,,,,,
,,,,,,,,,,,,,,,,,
,,,,,,,,,,,,,,,,,
,,,,,,,,,,,,,,,,,
,12,Crate,,Good,,,,,,,,,,,,,
,,ID STRING,,RESULT TYPES,WEIGHT,% CHANCE,RESULT 1,R1 WEIGHT,R1 %,RESULT 2,R2 WEIGHT,R2 %,RESULT 3,R3 WEIGHT,R3 %,STRING,NOTES
,,crate,,Nothing,1,25.00%,N/A,N/A,N/A,N/A,N/A,N/A,N/A,N/A,N/A,The crate is completely empty.,
,,REGION FOUND,,Loot,3,75.00%,H,1,<- # Draws,,,<- # Draws,,,<- # Draws,The crate contains valuable treasures.,
,,ALL,,Quirk,,,,,,,,,,,,,
,,FULL CURIO?,,Effect,,,,,,,,,,,,,
,,No,,Purge,,,,,,,,,,,,,
,,TAGS,,Scouting,,,,,,,,,,,,,
,,Scrounging,All,Teleport,,,,,,,,,,,,,
,,,,Disease,,,,,,,,,,,,,
,,Item Interactions,,ITEM,RESULT TYPE,,RESULT 1,R1 WEIGHT,R1 %,RESULT 2,R2 WEIGHT,R2 %,RESULT 3,R3 WEIGHT,R3 %,STRING,NOTES
,,,,,,,,,,,,,,,,,
,,,,,,,,,,,,,,,,,
,,,,,,,,,,,,,,,,,
,,,,,,,,,,,,,,,,,
,13,Sack,,Good,,,,,,,,,,,,,
,,ID STRING,,RESULT TYPES,WEIGHT,% CHANCE,RESULT 1,R1 WEIGHT,R1 %,RESULT 2,R2 WEIGHT,R2 %,RESULT 3,R3 WEIGHT,R3 %,STRING,NOTES
,,sack,,Nothing,1,25.00%,N/A,N/A,N/A,N/A,N/A,N/A,N/A,N/A,N/A,The sack is empty.,
,,REGION FOUND,,Loot,3,75.00%,C,1,<- # Draws,,,<- # Draws,,,<- # Draws,Some Gold was found in the sack.,
,,ALL,,Quirk,,,,,,,,,,,,,
,,FULL CURIO?,,Effect,,,,,,,,,,,,,
,,No,,Purge,,,,,,,,,,,,,
,,TAGS,,Scouting,,,,,,,,,,,,,
,,Scrounging,All,Teleport,,,,,,,,,,,,,
,,,,Disease,,,,,,,,,,,,,
,,Item Interactions,,ITEM,RESULT TYPE,,RESULT 1,R1 WEIGHT,R1 %,RESULT 2,R2 WEIGHT,R2 %,RESULT 3,R3 WEIGHT,R3 %,STRING,NOTES
,,,,,,,,,,,,,,,,,
,,,,,,,,,,,,,,,,,
,,,,,,,,,,,,,,,,,
,,,,,,,,,,,,,,,,,
,14,Suit of Armor,,Good,,,,,,,,,,,,,
,,ID STRING,,RESULT TYPES,WEIGHT,% CHANCE,RESULT 1,R1 WEIGHT,R1 %,RESULT 2,R2 WEIGHT,R2 %,RESULT 3,R3 WEIGHT,R3 %,STRING,NOTES
,,suit_of_armor,,Nothing,,,N/A,N/A,N/A,N/A,N/A,N/A,N/A,N/A,N/A,,
,,REGION FOUND,,Loot,,,,,<- # Draws,,,<- # Draws,,,<- # Draws,,
,,Ruins,,Quirk,1,25.00%,ruins_adventurer,1,50.00%,ruins_tactician,1,50.00%,,,,,
,,FULL CURIO?,,Effect,3,75.00%,Suit of Armor Shield,1,100.00%,,,,,,,,
,,Yes,,Purge,,,,,,,,,,,,,
,,TAGS,,Scouting,,,,,,,,,,,,,
,,Haunted,Reflective,Teleport,,,,,,,,,,,,,
,,All,,Disease,,,,,,,,,,,,,
,,Item Interactions,,ITEM,RESULT TYPE,,RESULT 1,R1 WEIGHT,R1 %,RESULT 2,R2 WEIGHT,R2 %,RESULT 3,R3 WEIGHT,R3 %,STRING,NOTES
,,,,,,,,,,,,,,,,,
,,,,,,,,,,,,,,,,,
,,,,,,,,,,,,,,,,,
,,,,,,,,,,,,,,,,,
,15,Dinner Cart,,Mixed,,,,,,,,,,,,,
,,ID STRING,,RESULT TYPES,WEIGHT,% CHANCE,RESULT 1,R1 WEIGHT,R1 %,RESULT 2,R2 WEIGHT,R2 %,RESULT 3,R3 WEIGHT,R3 %,STRING,NOTES
,,dinner_cart,,Nothing,2,25.00%,N/A,N/A,N/A,N/A,N/A,N/A,N/A,N/A,N/A,,
,,REGION FOUND,,Loot,3,37.50%,P,1,<- # Draws,CT,1,<- # Draws,,,<- # Draws,,
,,Warrens,,Quirk,,,,,,,,,,,,,
,,FULL CURIO?,,Effect,2,25.00%,Blight 1,1,100.00%,,,,,,,,
,,Yes,,Purge,,,,,,,,,,,,,
,,TAGS,,Scouting,,,,,,,,,,,,,
,,Food,Drink,Teleport,,,,,,,,,,,,,
,,All,Body,Disease,1,12.50%,the_black_plague,1,100.00%,,,,,,,,
,,Item Interactions,,ITEM,RESULT TYPE,,RESULT 1,R1 WEIGHT,R1 %,RESULT 2,R2 WEIGHT,R2 %,RESULT 3,R3 WEIGHT,R3 %,STRING,NOTES
,,,,medicinal_herbs,Loot,,P,3,<- # Draws,CT,1,<- # Draws,,,,,
,,,,,,,,,,,,,,,,,
,,,,,,,,,,,,,,,,,
,,,,,,,,,,,,,,,,,
,16,Decorative Urn,,Mixed,,,,,,,,,,,,,
,,ID STRING,,RESULT TYPES,WEIGHT,% CHANCE,RESULT 1,R1 WEIGHT,R1 %,RESULT 2,R2 WEIGHT,R2 %,RESULT 3,R3 WEIGHT,R3 %,STRING,NOTES
,,decorative_urn,,Nothing,2,22.22%,N/A,N/A,N/A,N/A,N/A,N/A,N/A,N/A,N/A,The urn has nothing but ashes inside.,
,,REGION FOUND,,Loot,4,44.44%,GT,1,<- # Draws,G,2,<- # Draws,,,<- # Draws,Treasures are found in the urn.,
,,Ruins,,Quirk,,,,,,,,,,,,The ashes cause the hero to cough violently.,
,,FULL CURIO?,,Effect,2,22.22%,Blight 1,1,100.00%,,,,,,,The hero becomes infected by the ashes.,
,,Yes,,Purge,,,,,,,,,,,,,
,,TAGS,,Scouting,,,,,,,,,,,,,
,,Scrounging,Haunted,Teleport,,,,,,,,,,,,,
,,All,,Disease,1,11.11%,creeping_cough,2,66.67%,random,1,33.33%,,,,,
,,Item Interactions,,ITEM,RESULT TYPE,,RESULT 1,R1 WEIGHT,R1 %,RESULT 2,R2 WEIGHT,R2 %,RESULT 3,R3 WEIGHT,R3 %,STRING,NOTES
,,,,holy_water,Loot,,GT,2,<- # Draws,G,2,<- # Draws,,,,"The Holy Water cleanses the ashes, allowing a thorough search.",
,,,,shovel,Quirk,,guilty_conscience,1,100.00%,,,,,,,What type of person defiles the dead?,
,,,,,,,,,,,,,,,,,
,,,,,,,,,,,,,,,,,
,17,Locked Display Cabinet,,Bad,,,,,,,,,,,,,
,,ID STRING,,RESULT TYPES,WEIGHT,% CHANCE,RESULT 1,R1 WEIGHT,R1 %,RESULT 2,R2 WEIGHT,R2 %,RESULT 3,R3 WEIGHT,R3 %,STRING,NOTES
,,locked_display_cabinet,,Nothing,,,N/A,N/A,N/A,N/A,N/A,N/A,N/A,N/A,N/A,,
,,REGION FOUND,,Loot,,,,,<- # Draws,,,<- # Draws,,,<- # Draws,,
,,Ruins,,Quirk,,,,,,,,,,,,,
,,FULL CURIO?,,Effect,1,100.00%,Blight 1,1,50.00%,Bleed 1,1,50.00%,,,,The cabinet is a trap!,
,,Yes,,Purge,,,,,,,,,,,,,
,,TAGS,,Scouting,,,,,,,,,,,,,
,,Scrounging,Treasure,Teleport,,,,,,,,,,,,,
,,All,,Disease,,,,,,,,,,,,,
,,Item Interactions,,ITEM,RESULT TYPE,,RESULT 1,R1 WEIGHT,R1 %,RESULT 2,R2 WEIGHT,R2 %,RESULT 3,R3 WEIGHT,R3 %,STRING,NOTES
,,,,skeleton_key,Loot,,CH,3,<- # Draws,B,2,<- # Draws,,,<- # Draws,Treasures are stashed in the cabinet!,
,,,,shovel,Loot,,CH,2,<- # Draws,B,2,<- # Draws,,,,Smashed the cabinet open...,
,,,,,,,,,,,,,,,,,
,,,,,,,,,,,,,,,,,
,18,Confession Booth,,Mixed,,,,,,,,,,,,,
,,ID STRING,,RESULT TYPES,WEIGHT,% CHANCE,RESULT 1,R1 WEIGHT,R1 %,RESULT 2,R2 WEIGHT,R2 %,RESULT 3,R3 WEIGHT,R3 %,STRING,NOTES
,,confession_booth,,Nothing,,,N/A,N/A,N/A,N/A,N/A,N/A,N/A,N/A,N/A,,
,,REGION FOUND,,Loot,1,25.00%,CT,1,<- # Draws,,,<- # Draws,,,<- # Draws,The booth contains hidden treasure...,
,,Ruins,,Quirk,,,,,,,,,,,,,
,,FULL CURIO?,,Effect,2,50.00%,Stress 2,1,100.00%,,,,,,,The hero's history of sin is too much to bear.,
,,Yes,,Purge,1,25.00%,negative,1,100.00%,,,,,,,The hero is absolved of a sin.,
,,TAGS,,Scouting,,,,,,,,,,,,,
,,Worship,Reflective,Teleport,,,,,,,,,,,,,
,,All,,Disease,,,,,,,,,,,,,
,,Item Interactions,,ITEM,RESULT TYPE,,RESULT 1,R1 WEIGHT,R1 %,RESULT 2,R2 WEIGHT,R2 %,RESULT 3,R3 WEIGHT,R3 %,STRING,NOTES
,,,,holy_water,Effect,,ConfessionBoothHealStress2,1,100.00%,,,,,,,The ritual relieves the hero.,
,,,,,,,,,,,,,,,,,
,,,,,,,,,,,,,,,,,
,,,,,,,,,,,,,,,,,
,19,Holy Fountain,,Good,,,,,,,,,,,,,
,,ID STRING,,RESULT TYPES,WEIGHT,% CHANCE,RESULT 1,R1 WEIGHT,R1 %,RESULT 2,R2 WEIGHT,R2 %,RESULT 3,R3 WEIGHT,R3 %,STRING,NOTES
,,holy_fountain,,Nothing,,,N/A,N/A,N/A,N/A,N/A,N/A,N/A,N/A,N/A,,
,,REGION FOUND,,Loot,1,50.00%,B,2,<- # Draws,,,<- # Draws,,,<- # Draws,Propitiations are found at the bottom of the fountain.,
,,Ruins,,Quirk,,,,,,,,,,,,,
,,FULL CURIO?,,Effect,1,50.00%,HolyFountainEffects,1,100.00%,,,,,,,The water reinvigorates the hero.,
,,Yes,,Purge,,,,,,,,,,,,,
,,TAGS,,Scouting,,,,,,,,,,,,,
,,Fountain,Worship,Teleport,,,,,,,,,,,,,
,,All,,Disease,,,,,,,,,,,,,
,,Item Interactions,,ITEM,RESULT TYPE,,RESULT 1,R1 WEIGHT,R1 %,RESULT 2,R2 WEIGHT,R2 %,RESULT 3,R3 WEIGHT,R3 %,STRING,NOTES
,,,,holy_water,Effect,,HolyFountainEffectsSuper,1,100.00%,,,,,,,,
,,,,,,,,,,,,,,,,,
,,,,,,,,,,,,,,,,,
,,,,,,,,,,,,,,,,,
,20,Bookshelf,,Mixed,,,,,,,,,,,,,
,,ID STRING,,RESULT TYPES,WEIGHT,% CHANCE,RESULT 1,R1 WEIGHT,R1 %,RESULT 2,R2 WEIGHT,R2 %,RESULT 3,R3 WEIGHT,R3 %,STRING,NOTES
,,bookshelf,,Nothing,2,22.22%,N/A,N/A,N/A,N/A,N/A,N/A,N/A,N/A,N/A,The volumes are dull and uninteresting.,
,,REGION FOUND,,Loot,1,11.11%,JOURNALONLY,1,<- # Draws,,,<- # Draws,,,<- # Draws,,
,,Ruins,,Quirk,2,22.22%,positive,2,66.67%,negative,1,33.33%,,,,The knowledge within forever changes the hero.,
,,FULL CURIO?,,Effect,2,22.22%,Stress 2,1,100.00%,,,,,,,The passages are unsettling.,
,,Yes,,Purge,,,,,,,,,,,,,
,,TAGS,,Scouting,2,22.22%,0 - curios,2,66.67%,0 - all,1,33.33%,,,,A map is found tucked into the volumes.,
,,Knowledge,All,Teleport,,,,,,,,,,,,,
,,,,Disease,,,,,,,,,,,,,
,,Item Interactions,,ITEM,RESULT TYPE,,RESULT 1,R1 WEIGHT,R1 %,RESULT 2,R2 WEIGHT,R2 %,RESULT 3,R3 WEIGHT,R3 %,STRING,NOTES
,,,,,,,,,,,,,,,,,
,,,,,,,,,,,,,,,,,
,,,,,,,,,,,,,,,,,
,,,,,,,,,,,,,,,,,
,21,Alchemy Table,,Mixed,,,,,,,,,,,,,
,,ID STRING,,RESULT TYPES,WEIGHT,% CHANCE,RESULT 1,R1 WEIGHT,R1 %,RESULT 2,R2 WEIGHT,R2 %,RESULT 3,R3 WEIGHT,R3 %,STRING,NOTES
,,alchemy_table,,Nothing,1,25.00%,N/A,N/A,N/A,N/A,N/A,N/A,N/A,N/A,N/A,The experiments do not yield any findings.,
,,REGION FOUND,,Loot,1,25.00%,B,1,<- # Draws,,,<- # Draws,,,<- # Draws,New metals are synthesized...somehow.,
,,Ruins,,Quirk,,,,,,,,,,,,,
,,FULL CURIO?,,Effect,2,50.00%,Blight 1,2,100.00%,,,,,,,An accident occurs during the experiment.,
,,Yes,,Purge,,,,,,,,,,,,,
,,TAGS,,Scouting,,,,,,,,,,,,,
,,Knowledge,All,Teleport,,,,,,,,,,,,,
,,,,Disease,,,,,,,,,,,,,
,,Item Interactions,,ITEM,RESULT TYPE,,RESULT 1,R1 WEIGHT,R1 %,RESULT 2,R2 WEIGHT,R2 %,RESULT 3,R3 WEIGHT,R3 %,STRING,NOTES
,,,,medicinal_herbs,Loot,,B,2,<- # Draws,,,<- # Draws,,,,"The medicinal herbs disinfected the station, allowing for successful research.",
,,,,torch,Effect,,ChemicalLight,1,100.00%,,,,,,,The oil helps create a powerful blazing mixture!,
,,,,,,,,,,,,,,,,,
,,,,,,,,,,,,,,,,,
,22,Knife Rack,,Mixed,,,,,,,,,,,,,
,,ID STRING,,RESULT TYPES,WEIGHT,% CHANCE,RESULT 1,R1 WEIGHT,R1 %,RESULT 2,R2 WEIGHT,R2 %,RESULT 3,R3 WEIGHT,R3 %,STRING,NOTES
,,knife_rack,,Nothing,1,20.00%,N/A,N/A,N/A,N/A,N/A,N/A,N/A,N/A,N/A,,
,,REGION FOUND,,Loot,2,40.00%,B,1,<- # Draws,P,1,<- # Draws,,,<- # Draws,,
,,Warrens,,Quirk,,,,,,,,,,,,,
,,FULL CURIO?,,Effect,2,40.00%,Bleed 1,1,100.00%,,,,,,,,
,,Yes,,Purge,,,,,,,,,,,,,
,,TAGS,,Scouting,,,,,,,,,,,,,
,,Scrounging,,Teleport,,,,,,,,,,,,,
,,All,,Disease,,,,,,,,,,,,,
,,Item Interactions,,ITEM,RESULT TYPE,,RESULT 1,R1 WEIGHT,R1 %,RESULT 2,R2 WEIGHT,R2 %,RESULT 3,R3 WEIGHT,R3 %,STRING,NOTES
,,,,bandage,Loot,,B,2,<- # Draws,P,1,<- # Draws,,,,The bandage protects the hero's hands during the search.,
,,,,,,,,,,,,,,,,,
,,,,,,,,,,,,,,,,,
,,,,,,,,,,,,,,,,,
,23,Sarcophagus,,Mixed,,,,,,,,,,,,,
,,ID STRING,,RESULT TYPES,WEIGHT,% CHANCE,RESULT 1,R1 WEIGHT,R1 %,RESULT 2,R2 WEIGHT,R2 %,RESULT 3,R3 WEIGHT,R3 %,STRING,NOTES
,,sarcophagus,,Nothing,1,20.00%,N/A,N/A,N/A,N/A,N/A,N/A,N/A,N/A,N/A,The sarcophagus is completely empty.,
,,REGION FOUND,,Loot,3,60.00%,CH,2,<- # Draws,,,<- # Draws,,,<- # Draws,The sarcophagus contains hidden treasures.,
,,Ruins,,Quirk,1,20.00%,thanatophobia,1,100.00%,,,,,,,The hero contemplates mortality...,
,,FULL CURIO?,,Effect,,,,,,,,,,,,,
,,Yes,,Purge,,,,,,,,,,,,,
,,TAGS,,Scouting,,,,,,,,,,,,,
,,Haunted,Reflective,Teleport,,,,,,,,,,,,,
,,All,Body,Disease,,,,,,,,,,,,,
,,Item Interactions,,ITEM,RESULT TYPE,,RESULT 1,R1 WEIGHT,R1 %,RESULT 2,R2 WEIGHT,R2 %,RESULT 3,R3 WEIGHT,R3 %,STRING,NOTES
,,,,,,,,,,,,,,,,,
,,,,,,,,,,,,,,,,,
,,,,,,,,,,,,,,,,,
,,,,,,,,,,,,,,,,,
,24,Mummified Remains,,Mixed,,,,,,,,,,,,,
,,ID STRING,,RESULT TYPES,WEIGHT,% CHANCE,RESULT 1,R1 WEIGHT,R1 %,RESULT 2,R2 WEIGHT,R2 %,RESULT 3,R3 WEIGHT,R3 %,STRING,NOTES
,,mummified_remains,,Nothing,1,20.00%,N/A,N/A,N/A,N/A,N/A,N/A,N/A,N/A,N/A,There is nothing of value on the body.,
,,REGION FOUND,,Loot,2,40.00%,CT,1,<- # Draws,,,<- # Draws,,,<- # Draws,The remains are laced with treasures.,
,,Weald,,Quirk,,,,,,,,,,,,,
,,FULL CURIO?,,Effect,2,40.00%,Blight 1,1,100.00%,,,,,,,The hero becomes diseased by the remains.,
,,Yes,,Purge,,,,,,,,,,,,,
,,TAGS,,Scouting,,,,,,,,,,,,,
,,Haunted,Unholy,Teleport,,,,,,,,,,,,,
,,All,Body,Disease,,,,,,,,,,,,,
,,Item Interactions,,ITEM,RESULT TYPE,,RESULT 1,R1 WEIGHT,R1 %,RESULT 2,R2 WEIGHT,R2 %,RESULT 3,R3 WEIGHT,R3 %,STRING,NOTES
,,,,bandage,Loot,,CT,2,<- # Draws,,,,,,,Bandaging the remains prevents infection during the search.,
,,,,,,,,,,,,,,,,,
,,,,,,,,,,,,,,,,,
,,,,,,,,,,,,,,,,,
,25,Sacrificial Stone,,Mixed,,,,,,,,,,,,,
,,ID STRING,,RESULT TYPES,WEIGHT,% CHANCE,RESULT 1,R1 WEIGHT,R1 %,RESULT 2,R2 WEIGHT,R2 %,RESULT 3,R3 WEIGHT,R3 %,STRING,NOTES
,,sacrificial_stone,,Nothing,,,N/A,N/A,N/A,N/A,N/A,N/A,N/A,N/A,N/A,,
,,REGION FOUND,,Loot,,,,,<- # Draws,,,<- # Draws,,,<- # Draws,,
,,Warrens,,Quirk,1,25.00%,warren_explorer,1,50.00%,warren_scrounger,1,50.00%,,,,The shrine gives great insight into life in these warrens.,
,,FULL CURIO?,,Effect,2,50.00%,Stress 4,1,100.00%,,,,,,,The hero is deeply disturbed by the shrine.,
,,Yes,,Purge,1,25.00%,negative,1,100.00%,,,,,,,A sinful behaviour is vanquished.,
,,TAGS,,Scouting,,,,,,,,,,,,,
,,Unholy,Worship,Teleport,,,,,,,,,,,,,
,,All,,Disease,,,,,,,,,,,,,
,,Item Interactions,,ITEM,RESULT TYPE,,RESULT 1,R1 WEIGHT,R1 %,RESULT 2,R2 WEIGHT,R2 %,RESULT 3,R3 WEIGHT,R3 %,STRING,NOTES
,,,,provision,Purge,,negative,1,100.00%,,,,,,,The offering purges the hero of a sinful behaviour.,
,,,,,,,,,,,,,,,,The gods favour your sacrifice!,
,,,,,,,,,,,,,,,,,
,,,,,,,,,,,,,,,,,
,26,Skull Altar,,Good,,,,,,,,,,,,,
,,ID STRING,,RESULT TYPES,WEIGHT,% CHANCE,RESULT 1,R1 WEIGHT,R1 %,RESULT 2,R2 WEIGHT,R2 %,RESULT 3,R3 WEIGHT,R3 %,STRING,NOTES
,,skull_altar,,Nothing,,,N/A,N/A,N/A,N/A,N/A,N/A,N/A,N/A,N/A,Any power the altar once had is now lost.,
,,REGION FOUND,,Loot,,,,,<- # Draws,,,<- # Draws,,,<- # Draws,,
,,Warrens,,Quirk,,,,,,,,,,,,,
,,FULL CURIO?,,Effect,1,100.00%,Skull Altar Adrenaline,2,100.00%,,,,,,,The altar infuses the hero with great power.,
,,Yes,,Purge,,,,,,,,,,,,,
,,TAGS,,Scouting,,,,,,,,,,,,,
,,Unholy,Worship,Teleport,,,,,,,,,,,,,
,,All,,Disease,,,,,,,,,,,,,
,,Item Interactions,,ITEM,RESULT TYPE,,RESULT 1,R1 WEIGHT,R1 %,RESULT 2,R2 WEIGHT,R2 %,RESULT 3,R3 WEIGHT,R3 %,STRING,NOTES
,,,,,,,,,,,,,,,,,
,,,,,,,,,,,,,,,,,
,,,,,,,,,,,,,,,,,
,,,,,,,,,,,,,,,,,
,27,Occult Scrawlings,,Mixed,,,,,,,,,,,,,
,,ID STRING,,RESULT TYPES,WEIGHT,% CHANCE,RESULT 1,R1 WEIGHT,R1 %,RESULT 2,R2 WEIGHT,R2 %,RESULT 3,R3 WEIGHT,R3 %,STRING,NOTES
,,occult_scrawlings,,Nothing,1,25.00%,N/A,N/A,N/A,N/A,N/A,N/A,N/A,N/A,N/A,The scrawlings are dull and uninteresting.,
,,REGION FOUND,,Loot,,,,,<- # Draws,,,<- # Draws,,,<- # Draws,,
,,Warrens,,Quirk,2,50.00%,positive,2,66.67%,negative,1,33.33%,,,,The scrawlings forever change the hero.,
,,FULL CURIO?,,Effect,1,25.00%,Stress 3,1,100.00%,,,,,,,The scrawlings are incredibly distressing.,
,,Yes,,Purge,,,,,,,,,,,,,
,,TAGS,,Scouting,,,,,,,,,,,,,
,,Unholy,Knowledge,Teleport,,,,,,,,,,,,,
,,All,,Disease,,,,,,,,,,,,,
,,Item Interactions,,ITEM,RESULT TYPE,,RESULT 1,R1 WEIGHT,R1 %,RESULT 2,R2 WEIGHT,R2 %,RESULT 3,R3 WEIGHT,R3 %,STRING,NOTES
,,,,holy_water,Effect,,UnnamedCurse,1,100.00%,,,,,,,The holy water hisses...,
,,,,,,,,,,,,,,,,,
,,,,,,,,,,,,,,,,,
,,,,,,,,,,,,,,,,,
,28,Moonshine Barrel,,Mixed,,,,,,,,,,,,,
,,ID STRING,,RESULT TYPES,WEIGHT,% CHANCE,RESULT 1,R1 WEIGHT,R1 %,RESULT 2,R2 WEIGHT,R2 %,RESULT 3,R3 WEIGHT,R3 %,STRING,NOTES
,,moonshine_barrel,,Nothing,2,22.22%,N/A,N/A,N/A,N/A,N/A,N/A,N/A,N/A,N/A,The barrel is completely empty.,
,,REGION FOUND,,Loot,3,33.33%,P,1,<- # Draws,CS,1,<- # Draws,,,<- # Draws,The rum barrel contains stashed treasures.,
,,Warrens,,Quirk,1,11.11%,alcoholism,1,100.00%,,,,,,,The hero becomes a slave of the sauce.,
,,FULL CURIO?,,Effect,3,33.33%,Blight 1,1,100.00%,,,,,,,The rum within is spiked.,
,,Yes,,Purge,,,,,,,,,,,,,
,,TAGS,,Scouting,,,,,,,,,,,,,
,,Drink,Scrounging,Teleport,,,,,,,,,,,,,
,,All,,Disease,,,,,,,,,,,,,
,,Item Interactions,,ITEM,RESULT TYPE,,RESULT 1,R1 WEIGHT,R1 %,RESULT 2,R2 WEIGHT,R2 %,RESULT 3,R3 WEIGHT,R3 %,STRING,NOTES
,,,,medicinal_herbs,Effect,,Curio Damage BuffStrong,1,100.00%,,,,,,,The Antivenom ensures the rum is not spiked.,
,,,,,,,,,,,,,,,,,
,,,,,,,,,,,,,,,,,
,,,,,,,,,,,,,,,,,
,29,Locked Sarcophagus,,Bad,,,,,,,,,,,,,
,,ID STRING,,RESULT TYPES,WEIGHT,% CHANCE,RESULT 1,R1 WEIGHT,R1 %,RESULT 2,R2 WEIGHT,R2 %,RESULT 3,R3 WEIGHT,R3 %,STRING,NOTES
,,locked_sarcophagus,,Nothing,,,N/A,N/A,N/A,N/A,N/A,N/A,N/A,N/A,N/A,,
,,REGION FOUND,,Loot,,,,,<- # Draws,,,<- # Draws,,,<- # Draws,,
,,Ruins,,Quirk,,,,,,,,,,,,,
,,FULL CURIO?,,Effect,1,100.00%,Blight 1,1,50.00%,Bleed 1,1,50.00%,,,,The sarcophagus is a trap!,
,,Yes,,Purge,,,,,,,,,,,,,
,,TAGS,,Scouting,,,,,,,,,,,,,
,,Haunted,Reflective,Teleport,,,,,,,,,,,,,
,,All,,Disease,,,,,,,,,,,,,
,,Item Interactions,,ITEM,RESULT TYPE,,RESULT 1,R1 WEIGHT,R1 %,RESULT 2,R2 WEIGHT,R2 %,RESULT 3,R3 WEIGHT,R3 %,STRING,NOTES
,,,,skeleton_key,Loot,,CH,2,<- # Draws,CT,1,<- # Draws,,,<- # Draws,The Skeleton Key opens the sarcophagus to reveal its contents.,
,,,,shovel,Loot,,CH,1,<- # Draws,CT,1,<- # Draws,,,,Broke into the sarcophagus...,
,,,,,,,,,,,,,,,,,
,,,,,,,,,,,,,,,,,
,30,Makeshift Dining Table,,Mixed,,,,,,,,,,,,,
,,ID STRING,,RESULT TYPES,WEIGHT,% CHANCE,RESULT 1,R1 WEIGHT,R1 %,RESULT 2,R2 WEIGHT,R2 %,RESULT 3,R3 WEIGHT,R3 %,STRING,NOTES
,,makeshift_dining_table,,Nothing,1,25.00%,N/A,N/A,N/A,N/A,N/A,N/A,N/A,N/A,N/A,Everything has been eaten already.,
,,REGION FOUND,,Loot,1,25.00%,P,1,<- # Draws,CS,1,<- # Draws,,,<- # Draws,The table contains leftovers from a previous dinner.,
,,Warrens,,Quirk,,,,,,,,,,,,,
,,FULL CURIO?,,Effect,1,25.00%,Blight 1,1,100.00%,,,,,,,The rotting food makes the hero ill.,
,,Yes,,Purge,,,,,,,,,,,,,
,,TAGS,,Scouting,,,,,,,,,,,,,
,,Food,Drink,Teleport,,,,,,,,,,,,,
,,All,,Disease,1,25.00%,tapeworm,1,100.00%,,,,,,,,
,,Item Interactions,,ITEM,RESULT TYPE,,RESULT 1,R1 WEIGHT,R1 %,RESULT 2,R2 WEIGHT,R2 %,RESULT 3,R3 WEIGHT,R3 %,STRING,NOTES
,,,,medicinal_herbs,Loot,,P,2,<- # Draws,CS,1,<- # Draws,,,,The herbs kill any diseases harboured in the food.,
,,,,,,,,,,,,,,,,,
,,,,,,,,,,,,,,,,,
,,,,,,,,,,,,,,,,,
,31,Pile of Scrolls,,Mixed,,,,,,,,,,,,,
,,ID STRING,,RESULT TYPES,WEIGHT,% CHANCE,RESULT 1,R1 WEIGHT,R1 %,RESULT 2,R2 WEIGHT,R2 %,RESULT 3,R3 WEIGHT,R3 %,STRING,NOTES
,,pile_of_scrolls,,Nothing,2,33.33%,N/A,N/A,N/A,N/A,N/A,N/A,N/A,N/A,N/A,The scrolls are dull and uninteresting.,
,,REGION FOUND,,Loot,,,,,<- # Draws,,,<- # Draws,,,<- # Draws,,
,,Warrens,,Quirk,1,16.67%,positive,2,66.67%,negative,1,33.33%,,,,The scrolls forever change the hero.,
,,FULL CURIO?,,Effect,1,16.67%,Stress 2,1,100.00%,,,,,,,The scrolls have a startling effect on the hero.,
,,Yes,,Purge,,,,,,,,,,,,,
,,TAGS,,Scouting,2,33.33%,0 - hall_battles,2,40.00%,0 - room_battles,2,40.00%,2 - all,1,20.00%,The scrolls reveal much of the road ahead.,
,,Knowledge,,Teleport,,,,,,,,,,,,,
,,All,,Disease,,,,,,,,,,,,,
,,Item Interactions,,ITEM,RESULT TYPE,,RESULT 1,R1 WEIGHT,R1 %,RESULT 2,R2 WEIGHT,R2 %,RESULT 3,R3 WEIGHT,R3 %,STRING,NOTES
,,,,torch,Purge,,negative,1,100.00%,,,,,,,,
,,,,,,,,,,,,,,,,,
,,,,,,,,,,,,,,,,,
,,,,,,,,,,,,,,,,,
,32,Ancient Coffin,,Good,,,,,,,,,,,,,
,,ID STRING,,RESULT TYPES,WEIGHT,% CHANCE,RESULT 1,R1 WEIGHT,R1 %,RESULT 2,R2 WEIGHT,R2 %,RESULT 3,R3 WEIGHT,R3 %,STRING,NOTES
,,ancient_coffin,,Nothing,2,33.33%,N/A,N/A,N/A,N/A,N/A,N/A,N/A,N/A,N/A,The coffin is empty.,
,,REGION FOUND,,Loot,3,50.00%,CH,2,<- # Draws,,,<- # Draws,,,<- # Draws,The coffin contains hidden treasures.,
,,Weald,,Quirk,1,16.67%,weald_explorer,1,50.00%,weald_adventurer,1,50.00%,,,,The coffin gives the hero insight into the nature of this world.,
,,FULL CURIO?,,Effect,,,,,,,,,,,,,
,,Yes,,Purge,,,,,,,,,,,,,
,,TAGS,,Scouting,,,,,,,,,,,,,
,,Haunted,Body,Teleport,,,,,,,,,,,,,
,,All,,Disease,,,,,,,,,,,,,
,,Item Interactions,,ITEM,RESULT TYPE,,RESULT 1,R1 WEIGHT,R1 %,RESULT 2,R2 WEIGHT,R2 %,RESULT 3,R3 WEIGHT,R3 %,STRING,NOTES
,,,,,,,,,,,,,,,,,
,,,,,,,,,,,,,,,,,
,,,,,,,,,,,,,,,,,
,,,,,,,,,,,,,,,,,
,33,Old Tree,,Mixed,,,,,,,,,,,,,
,,ID STRING,,RESULT TYPES,WEIGHT,% CHANCE,RESULT 1,R1 WEIGHT,R1 %,RESULT 2,R2 WEIGHT,R2 %,RESULT 3,R3 WEIGHT,R3 %,STRING,NOTES
,,old_tree,,Nothing,1,25.00%,N/A,N/A,N/A,N/A,N/A,N/A,N/A,N/A,N/A,Nothing inside the tree.,
,,REGION FOUND,,Loot,2,50.00%,A,2,<- # Draws,,,<- # Draws,,,<- # Draws,There are treasures stashed in the bark.,
,,Weald,,Quirk,,,,,,,,,,,,,
,,FULL CURIO?,,Effect,1,25.00%,Blight 1,1,100.00%,,,,,,,The tree is covered in poisoned sap.,
,,Yes,,Purge,,,,,,,,,,,,,
,,TAGS,,Scouting,,,,,,,,,,,,,
,,Scrounging,All,Teleport,,,,,,,,,,,,,
,,,,Disease,,,,,,,,,,,,,
,,Item Interactions,,ITEM,RESULT TYPE,,RESULT 1,R1 WEIGHT,R1 %,RESULT 2,R2 WEIGHT,R2 %,RESULT 3,R3 WEIGHT,R3 %,STRING,NOTES
,,,,antivenom,Loot,,A,3,<- # Draws,,,<- # Draws,,,,"The Antivenom disinfects the tree, allowing for a thorough search.",
,,,,,,,,,,,,,,,,,
,,,,,,,,,,,,,,,,,
,,,,,,,,,,,,,,,,,
,34,Beast Carcass,,Mixed,,,,,,,,,,,,,
,,ID STRING,,RESULT TYPES,WEIGHT,% CHANCE,RESULT 1,R1 WEIGHT,R1 %,RESULT 2,R2 WEIGHT,R2 %,RESULT 3,R3 WEIGHT,R3 %,STRING,NOTES
,,beast_carcass,,Nothing,1,14.29%,N/A,N/A,N/A,N/A,N/A,N/A,N/A,N/A,N/A,The beast has nothing left to offer.,
,,REGION FOUND,,Loot,3,42.86%,P,1,<- # Draws,,,<- # Draws,,,<- # Draws,There is still some meat on these bones.,
,,Weald,,Quirk,1,14.29%,zoophobia,1,100.00%,,,,,,,The hero is distraught by the sight of the carcass.,
,,FULL CURIO?,,Effect,,,,,,,,,,,,,
,,Yes,,Purge,,,,,,,,,,,,,
,,TAGS,,Scouting,,,,,,,,,,,,,
,,Food,All,Teleport,,,,,,,,,,,,,
,,Body,,Disease,2,28.57%,rabies,1,33.33%,random,2,66.67%,,,,,
,,Item Interactions,,ITEM,RESULT TYPE,,RESULT 1,R1 WEIGHT,R1 %,RESULT 2,R2 WEIGHT,R2 %,RESULT 3,R3 WEIGHT,R3 %,STRING,NOTES
,,,,medicinal_herbs,Loot,,P,2,<- # Draws,,,<- # Draws,,,,The Medicinal Herbs rid the carcass of any diseases.,
,,,,,,,,,,,,,,,,,
,,,,,,,,,,,,,,,,,
,,,,,,,,,,,,,,,,,
,35,Pristine Fountain,,Good,,,,,,,,,,,,,
,,ID STRING,,RESULT TYPES,WEIGHT,% CHANCE,RESULT 1,R1 WEIGHT,R1 %,RESULT 2,R2 WEIGHT,R2 %,RESULT 3,R3 WEIGHT,R3 %,STRING,NOTES
,,pristine_fountain,,Nothing,,,N/A,N/A,N/A,N/A,N/A,N/A,N/A,N/A,N/A,Any power this fountain once had is now lost.,
,,REGION FOUND,,Loot,,,,,<- # Draws,,,<- # Draws,,,<- # Draws,,
,,Weald,,Quirk,,,,,,,,,,,,,
,,FULL CURIO?,,Effect,1,100.00%,PristineFountainHealStress,1,100.00%,,,,,,,The fountain reinvigorates the hero.,
,,Yes,,Purge,,,,,,,,,,,,,
,,TAGS,,Scouting,,,,,,,,,,,,,
,,Fountain,All,Teleport,,,,,,,,,,,,,
,,,,Disease,,,,,,,,,,,,,
,,Item Interactions,,ITEM,RESULT TYPE,,RESULT 1,R1 WEIGHT,R1 %,RESULT 2,R2 WEIGHT,R2 %,RESULT 3,R3 WEIGHT,R3 %,STRING,NOTES
,,,,holy_water,Effect,,PristineFountainHealStress2,1,100.00%,,,,,,,,
,,,,,,,,,,,,,,,,,
,,,,,,,,,,,,,,,,,
,,,,,,,,,,,,,,,,,
,36,Traveller's Tent,,Mixed,,,,,,,,,,,,,
,,ID STRING,,RESULT TYPES,WEIGHT,% CHANCE,RESULT 1,R1 WEIGHT,R1 %,RESULT 2,R2 WEIGHT,R2 %,RESULT 3,R3 WEIGHT,R3 %,STRING,NOTES
,,travellers_tent,,Nothing,1,12.50%,N/A,N/A,N/A,N/A,N/A,N/A,N/A,N/A,N/A,Nothing is left inside the tent.,
,,REGION FOUND,,Loot,3,37.50%,SC,2,<- # Draws,CH,2,<- # Draws,,,<- # Draws,Someone left valuables inside the tent.,
,,Weald,,Quirk,,,,,,,,,,,,,
,,FULL CURIO?,,Effect,1,12.50%,Stress 3,1,100.00%,,,,,,,The fate of the tent's occupant is found inside...,
,,Yes,,Purge,,,,,,,,,,,,,
,,TAGS,,Scouting,3,37.50%,3 - obstacles,2,40.00%,2 - traps,2,40.00%,2 - all,1,20.00%,A map of the area is found inside the tent.,
,,Scrounging,All,Teleport,,,,,,,,,,,,,
,,,,Disease,,,,,,,,,,,,,
,,Item Interactions,,ITEM,RESULT TYPE,,RESULT 1,R1 WEIGHT,R1 %,RESULT 2,R2 WEIGHT,R2 %,RESULT 3,R3 WEIGHT,R3 %,STRING,NOTES
,,,,,,,,,,,,,,,,,
,,,,,,,,,,,,,,,,,
,,,,,,,,,,,,,,,,,
,,,,,,,,,,,,,,,,,
,37,Cosmic Spiderweb,,Mixed,,,,,,,,,,,,,
,,ID STRING,,RESULT TYPES,WEIGHT,% CHANCE,RESULT 1,R1 WEIGHT,R1 %,RESULT 2,R2 WEIGHT,R2 %,RESULT 3,R3 WEIGHT,R3 %,STRING,NOTES
,,cosmic_spiderweb,,Nothing,2,40.00%,N/A,N/A,N/A,N/A,N/A,N/A,N/A,N/A,N/A,There is nothing of interest.,
,,REGION FOUND,,Loot,2,40.00%,B,1,<- # Draws,GT,1,<- # Draws,,,<- # Draws,Treasures are hidden behind the web.,
,,Weald,,Quirk,1,20.00%,slow_reflexes,1,50.00%,slowdraw,1,50.00%,,,,The hero is covered in a sticky goo.,
,,FULL CURIO?,,Effect,,,,,,,,,,,,,
,,Yes,,Purge,,,,,,,,,,,,,
,,TAGS,,Scouting,,,,,,,,,,,,,
,,All,,Teleport,,,,,,,,,,,,,
,,,,Disease,,,,,,,,,,,,,
,,Item Interactions,,ITEM,RESULT TYPE,,RESULT 1,R1 WEIGHT,R1 %,RESULT 2,R2 WEIGHT,R2 %,RESULT 3,R3 WEIGHT,R3 %,STRING,NOTES
,,,,bandage,Loot,,B,2,<- # Draws,GT,1,<- # Draws,,,,The Bandages protect the hero's hands during the search.,
,,,,,,,,,,,,,,,,,
,,,,,,,,,,,,,,,,,
,,,,,,,,,,,,,,,,,
,38,Lost Luggage,,Mixed,,,,,,,,,,,,,
,,ID STRING,,RESULT TYPES,WEIGHT,% CHANCE,RESULT 1,R1 WEIGHT,R1 %,RESULT 2,R2 WEIGHT,R2 %,RESULT 3,R3 WEIGHT,R3 %,STRING,NOTES
,,lost_luggage,,Nothing,,,N/A,N/A,N/A,N/A,N/A,N/A,N/A,N/A,N/A,,
,,REGION FOUND,,Loot,1,50.00%,A,1,<- # Draws,,,<- # Draws,,,<- # Draws,,
,,Weald,,Quirk,,,,,,,,,,,,,
,,FULL CURIO?,,Effect,1,50.00%,Blight 1,1,100.00%,,,,,,,The lock box is a trap!,
,,Yes,,Purge,,,,,,,,,,,,,
,,TAGS,,Scouting,,,,,,,,,,,,,
,,Treasure,Scrounging,Teleport,,,,,,,,,,,,,
,,All,,Disease,,,,,,,,,,,,,
,,Item Interactions,,ITEM,RESULT TYPE,,RESULT 1,R1 WEIGHT,R1 %,RESULT 2,R2 WEIGHT,R2 %,RESULT 3,R3 WEIGHT,R3 %,STRING,NOTES
,,,,skeleton_key,Loot,,A,3,<- # Draws,,,,,,<- # Draws,Treasures are found inside the lockbox.,
,,,,antivenom,Loot,,A,3,<- # Draws,,,,,,,,
,,,,,,,,,,,,,,,,,
,,,,,,,,,,,,,,,,,
,39,Shallow Grave,,Bad,,,,,,,,,,,,,
,,ID STRING,,RESULT TYPES,WEIGHT,% CHANCE,RESULT 1,R1 WEIGHT,R1 %,RESULT 2,R2 WEIGHT,R2 %,RESULT 3,R3 WEIGHT,R3 %,STRING,NOTES
,,shallow_grave,,Nothing,,,N/A,N/A,N/A,N/A,N/A,N/A,N/A,N/A,N/A,,
,,REGION FOUND,,Loot,,,,,<- # Draws,,,<- # Draws,,,<- # Draws,,
,,Weald,,Quirk,,,,,,,,,,,,,
,,FULL CURIO?,,Effect,1,50.00%,Blight 1,1,100.00%,,,,,,,The grave is a trap!,
,,Yes,,Purge,,,,,,,,,,,,,
,,TAGS,,Scouting,,,,,,,,,,,,,
,,Scrounging,Haunted,Teleport,,,,,,,,,,,,,
,,All,Body,Disease,1,50.00%,random,1,100.00%,,,,,,,,
,,Item Interactions,,ITEM,RESULT TYPE,,RESULT 1,R1 WEIGHT,R1 %,RESULT 2,R2 WEIGHT,R2 %,RESULT 3,R3 WEIGHT,R3 %,STRING,NOTES
,,,,shovel,Loot,,GH,3,<- # Draws,,,<- # Draws,,,<- # Draws,There is treasure hidden inside the grave.,
,,,,,,,,,,,,,,,,,
,,,,,,,,,,,,,,,,,
,,,,,,,,,,,,,,,,,
,40,Troubling Effigy,,Mixed,,,,,,,,,,,,,
,,ID STRING,,RESULT TYPES,WEIGHT,% CHANCE,RESULT 1,R1 WEIGHT,R1 %,RESULT 2,R2 WEIGHT,R2 %,RESULT 3,R3 WEIGHT,R3 %,STRING,NOTES
,,troubling_effigy,,Nothing,2,25.00%,N/A,N/A,N/A,N/A,N/A,N/A,N/A,N/A,N/A,Any power the altar once had is now lost.,
,,REGION FOUND,,Loot,,,,,<- # Draws,,,<- # Draws,,,<- # Draws,,
,,Weald,,Quirk,3,37.50%,positive,1,50.00%,negative,1,50.00%,,,,The altar bestows a virtue on the hero.,
,,FULL CURIO?,,Effect,3,37.50%,Blight 1,1,25.00%,Stress 2,1,25.00%,Bleed 1,2,50.00%,The altar lashes out as it rejects the hero.,
,,Yes,,Purge,,,,,,,,,,,,,
,,TAGS,,Scouting,,,,,,,,,,,,,
,,Unholy,Worship,Teleport,,,,,,,,,,,,,
,,All,,Disease,,,,,,,,,,,,,
,,Item Interactions,,ITEM,RESULT TYPE,,RESULT 1,R1 WEIGHT,R1 %,RESULT 2,R2 WEIGHT,R2 %,RESULT 3,R3 WEIGHT,R3 %,STRING,NOTES
,,,,holy_water,Quirk,,positive,1,100.00%,,,,,,,The altar radiates in reaction to the Holy Water.,
,,,,,,,,,,,,,,,,,
,,,,,,,,,,,,,,,,,
,,,,,,,,,,,,,,,,,
,41,Barnacle Crusted Chest,,Good,,,,,,,,,,,,,
,,ID STRING,,RESULT TYPES,WEIGHT,% CHANCE,RESULT 1,R1 WEIGHT,R1 %,RESULT 2,R2 WEIGHT,R2 %,RESULT 3,R3 WEIGHT,R3 %,STRING,NOTES
,,barnacle_crusted_chest,,Nothing,1,25.00%,N/A,N/A,N/A,N/A,N/A,N/A,N/A,N/A,N/A,,
,,REGION FOUND,,Loot,2,50.00%,A,2,<- # Draws,,,<- # Draws,,,<- # Draws,,
,,Cove,,Quirk,,,,,,,,,,,,,
,,FULL CURIO?,,Effect,1,25.00%,Bleed 1,1,100.00%,,,,,,,,
,,Yes,,Purge,,,,,,,,,,,,,
,,TAGS,,Scouting,,,,,,,,,,,,,
,,Treasure,All,Teleport,,,,,,,,,,,,,
,,,,Disease,,,,,,,,,,,,,
,,Item Interactions,,ITEM,RESULT TYPE,,RESULT 1,R1 WEIGHT,R1 %,RESULT 2,R2 WEIGHT,R2 %,RESULT 3,R3 WEIGHT,R3 %,STRING,NOTES
,,,,shovel,Loot,,A,3,<- # Draws,,,<- # Draws,,,,,
,,,,,,,,,<- # Draws,,,<- # Draws,,,,,
,,,,,,,,,,,,,,,,,
,,,,,,,,,,,,,,,,,
,42,Brackish Tidepool,,Bad,,,,,,,,,,,,,
,,ID STRING,,RESULT TYPES,WEIGHT,% CHANCE,RESULT 1,R1 WEIGHT,R1 %,RESULT 2,R2 WEIGHT,R2 %,RESULT 3,R3 WEIGHT,R3 %,STRING,NOTES
,,brackish_tidepool,,Nothing,,,N/A,N/A,N/A,N/A,N/A,N/A,N/A,N/A,N/A,,
,,REGION FOUND,,Loot,,,,,<- # Draws,,,<- # Draws,,,<- # Draws,,
,,Cove,,Quirk,,,,,,,,,,,,,
,,FULL CURIO?,,Effect,3,75.00%,brackish_tidepool,1,100.00%,,,,,,,,
,,Yes,,Purge,,,,,,,,,,,,,
,,TAGS,,Scouting,,,,,,,,,,,,,
,,All,Fountain,Teleport,,,,,,,,,,,,,
,,Drink,,Disease,1,25.00%,random,1,,,,,,,,,
,,Item Interactions,,ITEM,RESULT TYPE,,RESULT 1,R1 WEIGHT,R1 %,RESULT 2,R2 WEIGHT,R2 %,RESULT 3,R3 WEIGHT,R3 %,STRING,NOTES
,,,,antivenom,Effect,,HealSelf 3,1,50.00%,Heal Stress 3,1,50.00%,,,,,
,,,,,,,,,,,,,,,,,
,,,,,,,,,,,,,,,,,
,,,,,,,,,,,,,,,,,
,43,Fish Idol,,Mixed,,,,,,,,,,,,,
,,ID STRING,,RESULT TYPES,WEIGHT,% CHANCE,RESULT 1,R1 WEIGHT,R1 %,RESULT 2,R2 WEIGHT,R2 %,RESULT 3,R3 WEIGHT,R3 %,STRING,NOTES
,,fish_idol,,Nothing,,,N/A,N/A,N/A,N/A,N/A,N/A,N/A,N/A,N/A,,
,,REGION FOUND,,Loot,,,,,<- # Draws,,,<- # Draws,,,<- # Draws,,
,,Cove,,Quirk,,,,,,,,,,,,,
,,FULL CURIO?,,Effect,1,100.00%,fish_idol_curse_1,1,50.00%,fish_idol_curse_2,1,50.00%,,,,,
,,Yes,,Purge,,,,,,,,,,,,,
,,TAGS,,Scouting,,,,,,,,,,,,,
,,Worship,Unholy,Teleport,,,,,,,,,,,,,
,,All,,Disease,,,,,,,,,,,,,
,,Item Interactions,,ITEM,RESULT TYPE,,RESULT 1,R1 WEIGHT,R1 %,RESULT 2,R2 WEIGHT,R2 %,RESULT 3,R3 WEIGHT,R3 %,STRING,NOTES
,,,,holy_water,Effect,,Fish Idol Damage Buff Small,1,100.00%,,,,,,,,
,,,,,,,,,,,,,,,,,
,,,,,,,,,,,,,,,,,
,,,,,,,,,,,,,,,,,
,44,Giant Oyster,,Mixed,,,,,,,,,,,,,
,,ID STRING,,RESULT TYPES,WEIGHT,% CHANCE,RESULT 1,R1 WEIGHT,R1 %,RESULT 2,R2 WEIGHT,R2 %,RESULT 3,R3 WEIGHT,R3 %,STRING,NOTES
,,giant_oyster,,Nothing,1,20.00%,N/A,N/A,N/A,N/A,N/A,N/A,N/A,N/A,N/A,,
,,REGION FOUND,,Loot,2,40.00%,CT,2,<- # Draws,,,<- # Draws,,,<- # Draws,,
,,Cove,,Quirk,,,,,,,,,,,,,
,,FULL CURIO?,,Effect,2,40.00%,Bleed 2,1,100.00%,,,,,,,,
,,Yes,,Purge,,,,,,,,,,,,,
,,TAGS,,Scouting,,,,,,,,,,,,,
,,Scrounging,Treasure,Teleport,,,,,,,,,,,,,
,,All,,Disease,,,,,,,,,,,,,
,,Item Interactions,,ITEM,RESULT TYPE,,RESULT 1,R1 WEIGHT,R1 %,RESULT 2,R2 WEIGHT,R2 %,RESULT 3,R3 WEIGHT,R3 %,STRING,NOTES
,,,,shovel,Loot,,CT,3,100.00%,,,,,,,,
,,,,dog_treats,Effect,,Oyster Dodge Buff,1,100.00%,,,,,,,,
,,,,,,,,,,,,,,,,,
,,,,,,,,,,,,,,,,,
,45,Giant Fish Carcass,,Mixed,,,,,,,,,,,,,
,,ID STRING,,RESULT TYPES,WEIGHT,% CHANCE,RESULT 1,R1 WEIGHT,R1 %,RESULT 2,R2 WEIGHT,R2 %,RESULT 3,R3 WEIGHT,R3 %,STRING,NOTES
,,giant_fish_carcass,,Nothing,3,50.00%,N/A,N/A,N/A,N/A,N/A,N/A,N/A,N/A,N/A,,
,,REGION FOUND,,Loot,1,16.67%,GT,1,<- # Draws,B,1,<- # Draws,S,1,<- # Draws,,
,,Cove,,Quirk,,,,,,,,,,,,,
,,FULL CURIO?,,Effect,1,16.67%,Bleed 1,2,66.67%,Blight 1,1,33.33%,,,,,
,,Yes,,Purge,,,,,,,,,,,,,
,,TAGS,,Scouting,,,,,,,,,,,,,
,,All,Food,Teleport,,,,,,,,,,,,,
,,,,Disease,1,16.67%,the_red_plague,1,,,,,,,,,
,,Item Interactions,,ITEM,RESULT TYPE,,RESULT 1,R1 WEIGHT,R1 %,RESULT 2,R2 WEIGHT,R2 %,RESULT 3,R3 WEIGHT,R3 %,STRING,NOTES
,,,,medicinal_herbs,Loot,,GT,2,<- # Draws,B,1,<- # Draws,S,2,<- # Draws,,
,,,,,,,,,,,,,,,,,
,,,,,,,,,,,,,,,,,
,,,,,,,,,,,,,,,,,
,46,Ship's Figurehead,,Good,,,,,,,,,,,,,
,,ID STRING,,RESULT TYPES,WEIGHT,% CHANCE,RESULT 1,R1 WEIGHT,R1 %,RESULT 2,R2 WEIGHT,R2 %,RESULT 3,R3 WEIGHT,R3 %,STRING,NOTES
,,ships_figurehead,,Nothing,,,N/A,N/A,N/A,N/A,N/A,N/A,N/A,N/A,N/A,The tablets are too difficult to read.,
,,REGION FOUND,,Loot,,,,,<- # Draws,,,<- # Draws,,,<- # Draws,,
,,Cove,,Quirk,,,,,,,,,,,,The tablets have a profound effect on the hero.,
,,FULL CURIO?,,Effect,1,100.00%,Figurehead Buff,1,33.33%,Figurehead Heal Stress,2,66.67%,,,,The hero carefully reads the tablets.,
,,Yes,,Purge,,,,,,,,,,,,,
,,TAGS,,Scouting,,,,,,,,,,1,100.00%,A map of the area reveals what is ahead.,
,,All,Reflective,Teleport,,,,,,,,,,,,,
,,,,Disease,,,,,,,,,,,,,
,,Item Interactions,,ITEM,RESULT TYPE,,RESULT 1,R1 WEIGHT,R1 %,RESULT 2,R2 WEIGHT,R2 %,RESULT 3,R3 WEIGHT,R3 %,STRING,NOTES
,,,,,,,,,,,,,,,,,
,,,,,,,,,,,,,,,,,
,,,,,,,,,,,,,,,,,
,,,,,,,,,,,,,,,,,
,47,Eerie Coral,,Mixed,,,,,,,,,,,,,
,,ID STRING,,RESULT TYPES,WEIGHT,% CHANCE,RESULT 1,R1 WEIGHT,R1 %,RESULT 2,R2 WEIGHT,R2 %,RESULT 3,R3 WEIGHT,R3 %,STRING,NOTES
,,eerie_coral,,Nothing,1,25.00%,N/A,N/A,N/A,N/A,N/A,N/A,N/A,N/A,N/A,,
,,REGION FOUND,,Loot,,,,,<- # Draws,,,<- # Draws,,,<- # Draws,,
,,Cove,,Quirk,,,,,,,,,,,,,
,,FULL CURIO?,,Effect,3,75.00%,eerie_coral_healstress,2,66.67%,eerie_coral_stress,1,33.33%,,,,,
,,Yes,,Purge,,,,,,,,,,,,,
,,TAGS,,Scouting,,,,,,,,,,,,,
,,All,Knowledge,Teleport,,,,,,,,,,,,,
,,,,Disease,,,,,,,,,,,,,
,,Item Interactions,,ITEM,RESULT TYPE,,RESULT 1,R1 WEIGHT,R1 %,RESULT 2,R2 WEIGHT,R2 %,RESULT 3,R3 WEIGHT,R3 %,STRING,NOTES
,,,,medicinal_herbs,Purge,,negative,1,100.00%,,,,,,,The Medicinal Herbs strengthen the effect of the coral.,
,,,,,,,,,,,,,,,,,
,,,,,,,,,,,,,,,,,
,,,,,,,,,,,,,,,,,
,48,Traveller's Tent (tutorial),,Good,,,,,,,,,,,,,
,,ID STRING,,RESULT TYPES,WEIGHT,% CHANCE,RESULT 1,R1 WEIGHT,R1 %,RESULT 2,R2 WEIGHT,R2 %,RESULT 3,R3 WEIGHT,R3 %,STRING,NOTES
,,travellers_tent_tutorial,,Nothing,,,N/A,N/A,N/A,N/A,N/A,N/A,N/A,N/A,N/A,,
,,REGION FOUND,,Loot,1,100.00%,B,2,<- # Draws,,,<- # Draws,,,<- # Draws,Someone left valuables inside the tent.,
,,Weald,,Quirk,,,,,,,,,,,,,
,,FULL CURIO?,,Effect,,,,,,,,,,,,,
,,Yes,,Purge,,,,,,,,,,,,,
,,TAGS,,Scouting,,,,,,,,,,,,,
,,Scrounging,All,Teleport,,,,,,,,,,,,,
,,,,Disease,,,,,,,,,,,,,
,,Item Interactions,,ITEM,RESULT TYPE,,RESULT 1,R1 WEIGHT,R1 %,RESULT 2,R2 WEIGHT,R2 %,RESULT 3,R3 WEIGHT,R3 %,STRING,NOTES
,,,,,,,,,,,,,,,,,
,,,,,,,,,,,,,,,,,
,,,,,,,,,,,,,,,,,
,,,,,,,,,,,,,,,,,
,49,Bandit's Trapped Chest (tutorial),,Bad,,,,,,,,,,,,,
,,ID STRING,,RESULT TYPES,WEIGHT,% CHANCE,RESULT 1,R1 WEIGHT,R1 %,RESULT 2,R2 WEIGHT,R2 %,RESULT 3,R3 WEIGHT,R3 %,STRING,NOTES
,,bandits_trapped_chest,,Nothing,,,N/A,N/A,N/A,N/A,N/A,N/A,N/A,N/A,N/A,,
,,REGION FOUND,,Loot,,,,,<- # Draws,,,<- # Draws,,,<- # Draws,,
,,Weald,,Quirk,,,,,,,,,,,,,
,,FULL CURIO?,,Effect,1,100.00%,Blight 1,1,100.00%,,,,,,,,
,,Yes,,Purge,,,,,,,,,,,,,
,,TAGS,,Scouting,,,,,,,,,,,,,
,,All,,Teleport,,,,,,,,,,,,,
,,,,Disease,,,,,,,,,,,,,
,,Item Interactions,,ITEM,RESULT TYPE,,RESULT 1,R1 WEIGHT,R1 %,RESULT 2,R2 WEIGHT,R2 %,RESULT 3,R3 WEIGHT,R3 %,STRING,NOTES
,,,,skeleton_key,Loot,,T,2,100.00%,,,,,,,,
,,,,,,,,,,,,,,,,,
,,,,,,,,,,,,,,,,,
,,,,,,,,,,,,,,,,,
,50,Shambler's Altar,,Mixed,,,,,,,,,,,,,
,,ID STRING,,RESULT TYPES,WEIGHT,% CHANCE,RESULT 1,R1 WEIGHT,R1 %,RESULT 2,R2 WEIGHT,R2 %,RESULT 3,R3 WEIGHT,R3 %,STRING,NOTES
,,shamblers_altar,,Nothing,1,100.00%,N/A,N/A,N/A,N/A,N/A,N/A,N/A,N/A,N/A,,
,,REGION FOUND,,Loot,,,,,<- # Draws,,,<- # Draws,,,<- # Draws,,
,,ALL,,Quirk,,,,,,,,,,,,,
,,FULL CURIO?,,Effect,,,,,,,,,,,,,
,,Yes,,Purge,,,,,,,,,,,,,
,,TAGS,,Scouting,,,,,,,,,,,,,
,,All,,Teleport,,,,,,,,,,,,,
,,,,Disease,,,,,,,,,,,,,
,,Item Interactions,,ITEM,RESULT TYPE,,RESULT 1,R1 WEIGHT,R1 %,RESULT 2,R2 WEIGHT,R2 %,RESULT 3,R3 WEIGHT,R3 %,STRING,NOTES
,,,,torch,Summon,,summon_mash_shambler,1,100.00%,,,,,,,,
,,,,,,,,,,,,,,,,,
,,,,,,,,,,,,,,,,,
,,,,,,,,,,,,,,,,,
,51,Bas-Relief,,Mixed,,,,,,,,,,,,,
,,ID STRING,,RESULT TYPES,WEIGHT,% CHANCE,RESULT 1,R1 WEIGHT,R1 %,RESULT 2,R2 WEIGHT,R2 %,RESULT 3,R3 WEIGHT,R3 %,STRING,NOTES
,,bas_relief,,Nothing,,,N/A,N/A,N/A,N/A,N/A,N/A,N/A,N/A,N/A,,
,,REGION FOUND,,Loot,,,,,<- # Draws,,,<- # Draws,,,<- # Draws,,
,,Cove,,Quirk,1,100.00%,positive,2,66.67%,negative,1,33.33%,,,,,
,,FULL CURIO?,,Effect,,,,,,,,,,,,,
,,Yes,,Purge,,,,,,,,,,,,,
,,TAGS,,Scouting,,,,,,,,,,,,,
,,All,Knowledge,Teleport,,,,,,,,,,,,,
,,Worship,,Disease,,,,,,,,,,,,,
,,Item Interactions,,ITEM,RESULT TYPE,,RESULT 1,R1 WEIGHT,R1 %,RESULT 2,R2 WEIGHT,R2 %,RESULT 3,R3 WEIGHT,R3 %,STRING,NOTES
,,,,shovel,Effect,,Stress 5,1,,,,,,,,,
,,,,,,,,,,,,,,,,,
,,,,,,,,,,,,,,,,,
,,,,,,,,,,,,,,,,,
,52,Secret Stash,,Good,,,,,,,,,,,,,
,,ID STRING,,RESULT TYPES,WEIGHT,% CHANCE,RESULT 1,R1 WEIGHT,R1 %,RESULT 2,R2 WEIGHT,R2 %,RESULT 3,R3 WEIGHT,R3 %,STRING,NOTES
,,secret_stash,,Nothing,,,N/A,N/A,N/A,N/A,N/A,N/A,N/A,N/A,N/A,,
,,REGION FOUND,,Loot,1,100.00%,B,3,<- # Draws,,,<- # Draws,,,<- # Draws,,
,,ALL,,Quirk,,,,,,,,,,,,,
,,FULL CURIO?,,Effect,,,,,,,,,,,,,
,,Yes,,Purge,,,,,,,,,,,,,
,,TAGS,,Scouting,,,,,,,,,,,,,
,,All,Treasure,Teleport,,,,,,,,,,,,,
,,,,Disease,,,,,,,,,,,,,
,,Item Interactions,,ITEM,RESULT TYPE,,RESULT 1,R1 WEIGHT,R1 %,RESULT 2,R2 WEIGHT,R2 %,RESULT 3,R3 WEIGHT,R3 %,STRING,NOTES
,,,,skeleton_key,Loot,,COLLECTOR,3,,,,,,,,,
,,,,,,,,,,,,,,,,,
,,,,,,,,,,,,,,,,,
,,,,,,,,,,,,,,,,,
,53,Ancestor's Knapsack,,Good,,,,,,,,,,,,,
,,ID STRING,,RESULT TYPES,WEIGHT,% CHANCE,RESULT 1,R1 WEIGHT,R1 %,RESULT 2,R2 WEIGHT,R2 %,RESULT 3,R3 WEIGHT,R3 %,STRING,NOTES
,,ancestors_knapsack,,Nothing,,,N/A,N/A,N/A,N/A,N/A,N/A,N/A,N/A,N/A,,
,,REGION FOUND,,Loot,1,100.00%,T_ANCESTOR,1,<- # Draws,B,5,<- # Draws,,,<- # Draws,,
,,Darkest Dungeon,,Quirk,,,,,,,,,,,,,
,,FULL CURIO?,,Effect,,,,,,,,,,,,,
,,No,,Purge,,,,,,,,,,,,,
,,TAGS,,Scouting,,,,,,,,,,,,,
,,All,Treasure,Teleport,,,,,,,,,,,,,
,,Scrounging,Haunted,Disease,,,,,,,,,,,,,
,,Item Interactions,,ITEM,RESULT TYPE,,RESULT 1,R1 WEIGHT,R1 %,RESULT 2,R2 WEIGHT,R2 %,RESULT 3,R3 WEIGHT,R3 %,STRING,NOTES
,,,,,,,,,,,,,,,,,
,,,,,,,,,,,,,,,,,
,,,,,,,,,,,,,,,,,
,,,,,,,,,,,,,,,,,
,54,Tutorial Shovel,,Good,,,,,,,,,,,,,
,,ID STRING,,RESULT TYPES,WEIGHT,% CHANCE,RESULT 1,R1 WEIGHT,R1 %,RESULT 2,R2 WEIGHT,R2 %,RESULT 3,R3 WEIGHT,R3 %,STRING,NOTES
,,tutorial_shovel,,Nothing,,,N/A,N/A,N/A,N/A,N/A,N/A,N/A,N/A,N/A,,
,,REGION FOUND,,Loot,1,100.00%,SHOVELONLY,1,<- # Draws,A,2,<- # Draws,,,<- # Draws,,
,,Ruins,,Quirk,,,,,,,,,,,,,
,,FULL CURIO?,,Effect,,,,,,,,,,,,,
,,Yes,,Purge,,,,,,,,,,,,,
,,TAGS,,Scouting,,,,,,,,,,,,,
,,All,Treasure,Teleport,,,,,,,,,,,,,
,,,,Disease,,,,,,,,,,,,,
,,Item Interactions,,ITEM,RESULT TYPE,,RESULT 1,R1 WEIGHT,R1 %,RESULT 2,R2 WEIGHT,R2 %,RESULT 3,R3 WEIGHT,R3 %,STRING,NOTES
,,,,,,,,,,,,,,,,,
,,,,,,,,,,,,,,,,,
,,,,,,,,,,,,,,,,,
,,,,,,,,,,,,,,,,,
,55,Tutorial Key,,Good,,,,,,,,,,,,,
,,ID STRING,,RESULT TYPES,WEIGHT,% CHANCE,RESULT 1,R1 WEIGHT,R1 %,RESULT 2,R2 WEIGHT,R2 %,RESULT 3,R3 WEIGHT,R3 %,STRING,NOTES
,,tutorial_key,,Nothing,,,N/A,N/A,N/A,N/A,N/A,N/A,N/A,N/A,N/A,,
,,REGION FOUND,,Loot,1,100.00%,KEYONLY,1,<- # Draws,A,1,<- # Draws,,,<- # Draws,,
,,Ruins,,Quirk,,,,,,,,,,,,,
,,FULL CURIO?,,Effect,,,,,,,,,,,,,
,,No,,Purge,,,,,,,,,,,,,
,,TAGS,,Scouting,,,,,,,,,,,,,
,,All,Treasure,Teleport,,,,,,,,,,,,,
,,,,Disease,,,,,,,,,,,,,
,,Item Interactions,,ITEM,RESULT TYPE,,RESULT 1,R1 WEIGHT,R1 %,RESULT 2,R2 WEIGHT,R2 %,RESULT 3,R3 WEIGHT,R3 %,STRING,NOTES
,,,,,,,,,,,,,,,,,
,,,,,,,,,,,,,,,,,
,,,,,,,,,,,,,,,,,
,,,,,,,,,,,,,,,,,
,56,Tutorial Holy,,Good,,,,,,,,,,,,,
,,ID STRING,,RESULT TYPES,WEIGHT,% CHANCE,RESULT 1,R1 WEIGHT,R1 %,RESULT 2,R2 WEIGHT,R2 %,RESULT 3,R3 WEIGHT,R3 %,STRING,NOTES
,,tutorial_holy,,Nothing,,,N/A,N/A,N/A,N/A,N/A,N/A,N/A,N/A,N/A,,
,,REGION FOUND,,Loot,1,100.00%,HOLYONLY,1,<- # Draws,A,1,<- # Draws,,,<- # Draws,,
,,Ruins,,Quirk,,,,,,,,,,,,,
,,FULL CURIO?,,Effect,,,,,,,,,,,,,
,,No,,Purge,,,,,,,,,,,,,
,,TAGS,,Scouting,,,,,,,,,,,,,
,,All,Treasure,Teleport,,,,,,,,,,,,,
,,,,Disease,,,,,,,,,,,,,
,,Item Interactions,,ITEM,RESULT TYPE,,RESULT 1,R1 WEIGHT,R1 %,RESULT 2,R2 WEIGHT,R2 %,RESULT 3,R3 WEIGHT,R3 %,STRING,NOTES
,,,,,,,,,,,,,,,,,
,,,,,,,,,,,,,,,,,
,,,,,,,,,,,,,,,,,
,,,,,,,,,,,,,,,,,
,57,Tutorial Food,,Good,,,,,,,,,,,,,
,,ID STRING,,RESULT TYPES,WEIGHT,% CHANCE,RESULT 1,R1 WEIGHT,R1 %,RESULT 2,R2 WEIGHT,R2 %,RESULT 3,R3 WEIGHT,R3 %,STRING,NOTES
,,tutorial_food,,Nothing,,,N/A,N/A,N/A,N/A,N/A,N/A,N/A,N/A,N/A,,
,,REGION FOUND,,Loot,1,100.00%,P,2,<- # Draws,A,2,<- # Draws,,,<- # Draws,,
,,Ruins,,Quirk,,,,,,,,,,,,,
,,FULL CURIO?,,Effect,,,,,,,,,,,,,
,,No,,Purge,,,,,,,,,,,,,
,,TAGS,,Scouting,,,,,,,,,,,,,
,,All,Treasure,Teleport,,,,,,,,,,,,,
,,,,Disease,,,,,,,,,,,,,
,,Item Interactions,,ITEM,RESULT TYPE,,RESULT 1,R1 WEIGHT,R1 %,RESULT 2,R2 WEIGHT,R2 %,RESULT 3,R3 WEIGHT,R3 %,STRING,NOTES
,,,,,,,,,,,,,,,,,
,,,,,,,,,,,,,,,,,
,,,,,,,,,,,,,,,,,
,,,,,,,,,,,,,,,,,
,58,Thanks Chest,,Good,,,,,,,,,,,,,
,,ID STRING,,RESULT TYPES,WEIGHT,% CHANCE,RESULT 1,R1 WEIGHT,R1 %,RESULT 2,R2 WEIGHT,R2 %,RESULT 3,R3 WEIGHT,R3 %,STRING,NOTES
,,thanks_chest,,Nothing,,,N/A,N/A,N/A,N/A,N/A,N/A,N/A,N/A,N/A,,
,,REGION FOUND,,Loot,1,100.00%,THANKS,1,<- # Draws,,,<- # Draws,,,<- # Draws,,
,,Darkest Dungeon,,Quirk,,,,,,,,,,,,,
,,FULL CURIO?,,Effect,,,,,,,,,,,,,
,,No,,Purge,,,,,,,,,,,,,
,,TAGS,,Scouting,,,,,,,,,,,,,
,,All,Treasure,Teleport,,,,,,,,,,,,,
,,,,Disease,,,,,,,,,,,,,
,,Item Interactions,,ITEM,RESULT TYPE,,RESULT 1,R1 WEIGHT,R1 %,RESULT 2,R2 WEIGHT,R2 %,RESULT 3,R3 WEIGHT,R3 %,STRING,NOTES
,,,,,,,,,,,,,,,,,
,,,,,,,,,,,,,,,,,
,,,,,,,,,,,,,,,,,
,,,,,,,,,,,,,,,,,
,59,Open Grave,,Bad,,,,,,,,,,,,,
,,ID STRING,,RESULT TYPES,WEIGHT,% CHANCE,RESULT 1,R1 WEIGHT,R1 %,RESULT 2,R2 WEIGHT,R2 %,RESULT 3,R3 WEIGHT,R3 %,STRING,NOTES
,,open_grave,,Nothing,,,N/A,N/A,N/A,N/A,N/A,N/A,N/A,N/A,N/A,,
,,REGION FOUND,,Loot,,,,,<- # Draws,,,<- # Draws,,,<- # Draws,,
,,ALL,,Quirk,,,,,,,,,,,,,
,,FULL CURIO?,,Effect,1,100.00%,Stress 5,1,100.00%,,,,,,,,
,,Yes,,Purge,,,,,,,,,,,,,
,,TAGS,,Scouting,,,,,,,,,,,,,
,,All,Haunted,Teleport,,,,,,,,,,,,,
,,Unholy,Reflective,Disease,,,,,,,,,,,,,
,,Item Interactions,,ITEM,RESULT TYPE,,RESULT 1,R1 WEIGHT,R1 %,RESULT 2,R2 WEIGHT,R2 %,RESULT 3,R3 WEIGHT,R3 %,STRING,NOTES
,,,,,,,,,,,,,,,,,
,,,,,,,,,,,,,,,,,
,,,,,,,,,,,,,,,,,
,,,,,,,,,,,,,,,,,
,60,Ancestor's Knapsack,,Good,,,,,,,,,,,,,
,,ID STRING,,RESULT TYPES,WEIGHT,% CHANCE,RESULT 1,R1 WEIGHT,R1 %,RESULT 2,R2 WEIGHT,R2 %,RESULT 3,R3 WEIGHT,R3 %,STRING,NOTES
,,incursion_knapsack,,Nothing,,,N/A,N/A,N/A,N/A,N/A,N/A,N/A,N/A,N/A,,
,,REGION FOUND,,Loot,1,100.00%,T_INCURSIONSACK,1,<- # Draws,CH,3,<- # Draws,,,<- # Draws,,
,,ALL,,Quirk,,,,,,,,,,,,,
,,FULL CURIO?,,Effect,,,,,,,,,,,,,
,,No,,Purge,,,,,,,,,,,,,
,,TAGS,,Scouting,,,,,,,,,,,,,
,,All,Treasure,Teleport,,,,,,,,,,,,,
,,Scrounging,Haunted,Disease,,,,,,,,,,,,,
,,Item Interactions,,ITEM,RESULT TYPE,,RESULT 1,R1 WEIGHT,R1 %,RESULT 2,R2 WEIGHT,R2 %,RESULT 3,R3 WEIGHT,R3 %,STRING,NOTES